{
    "$schema": "https://schema.management.azure.com/schemas/2015-01-01/deploymentParameters.json#",
    "contentVersion": "1.0.0.0",
    "parameters": {
        "sites_aw_product_crud_name": {
            "value": null
        },
        "virtualNetworks_aw_net_name": {
            "value": null
        },
        "sites_hr_console_hrakovich_name": {
            "value": null
        },
        "virtualMachines_aw_vm_sql_name": {
            "value": null
        },
        "components_aw_product_crud_name": {
            "value": null
        },
        "networkInterfaces_aw_vm_sql21_name": {
            "value": null
        },
        "publicIPAddresses_aw_vm_sql_ip_name": {
            "value": null
        },
        "sites_production_manager_hrakovich_name": {
            "value": null
        },
        "components_hr_console_hrakovich_name": {
            "value": null
        },
        "serverfarms_ASP_adwentureworksrg_af3f_name": {
            "value": null
        },
        "networkSecurityGroups_aw_vm_sql_nsg_name": {
            "value": null
        },
        "publicIPAddresses_aw_vnet_gateway_ip_name": {
            "value": null
        },
        "virtualNetworkGateways_aw_vnet_gateway_name": {
            "value": null
        },
        "sqlVirtualMachines_aw_vm_sql_name": {
            "value": null
        },
        "components_production_manager_hrakovich_name": {
            "value": null
        },
        "actionGroups_Application_20Insights_20Smart_20Detection_name": {
            "value": null
        },
        "dashboards_ce395ccd_e6d7_4058_9655_663ed7be6c8b_dashboard_name": {
            "value": null
        },
        "smartdetectoralertrules_failure_anomalies___aw_product_crud_name": {
            "value": null
        }
    }
}